site_id,status,location_m,long,lat,long_TF,lat_TF,longitude,latitude,SoundExisting,SoundImpact,SoundNatural,NightBrightness
3,discontinued,gps,-77.26314900,38.75875200,TRUE,TRUE,-77.2631490,38.7587520,46.5763,11.8825,34.6938,2.243460
5,active,gps,-77.08712332,38.94932049,TRUE,TRUE,-77.0871233,38.9493205,53.1694,18.3193,34.8501,7.735110
15,resight-only,gps,-77.03804961,39.00970034,TRUE,TRUE,-77.0380496,39.0097003,48.7902,14.5927,34.1974,5.255840
17,discontinued,gps,-76.69493500,38.91189300,TRUE,TRUE,-76.6949350,38.9118930,45.2944,10.9580,34.3364,1.441440
19,discontinued,gps,-76.97725900,38.85669200,TRUE,TRUE,-76.9772590,38.8566920,55.7605,21.1327,34.6278,9.962310
23,discontinued,gps,-76.54745100,38.70187400,TRUE,TRUE,-76.5474510,38.7018740,43.4780,9.1880,34.2900,0.845767
26,discontinued,gps,-77.34451200,38.92377000,TRUE,TRUE,-77.3445120,38.9237700,47.3939,13.0821,34.3118,2.690080
27,discontinued,gps,-77.07441549,38.81048250,TRUE,TRUE,-77.0744155,38.8104825,51.3431,16.7533,34.5897,7.005660
32,active,gps,-77.12201000,38.87952000,TRUE,TRUE,-77.1220100,38.8795200,50.9857,16.2883,34.6973,6.555840
34,discontinued,gps,-77.05675000,38.98585600,TRUE,TRUE,-77.0567500,38.9858560,47.8150,13.2867,34.5282,5.103550
43,active,gps,-77.14392190,38.85101600,TRUE,TRUE,-77.1439219,38.8510160,49.6216,15.2719,34.3497,5.320880
45,discontinued,gps,-77.05318630,38.99400900,TRUE,TRUE,-77.0531863,38.9940090,49.5313,15.1358,34.3955,5.103550
47,discontinued,gps,-77.04083400,38.94006600,TRUE,TRUE,-77.0408340,38.9400660,54.9743,20.2186,34.7557,11.590900
49,discontinued,gps,-77.14316000,38.96936900,TRUE,TRUE,-77.1431600,38.9693690,48.2263,13.6114,34.6149,3.388750
50,active,gps,-76.95419000,39.00645000,TRUE,TRUE,-76.9541900,39.0064500,45.9032,11.3424,34.5607,4.684850
52,active,gps,-76.63943000,39.32939000,TRUE,TRUE,-76.6394300,39.3293900,52.8988,18.0956,34.8032,7.812480
53,resight-only,gps,-77.04004300,38.93557300,TRUE,TRUE,-77.0400430,38.9355730,56.1194,21.5329,34.5864,11.590900
56,active,gps,-76.46323000,39.11332100,TRUE,TRUE,-76.4632300,39.1133210,46.0486,11.1362,34.9124,1.252020
59,discontinued,gps,-77.00135000,38.97400700,TRUE,TRUE,-77.0013500,38.9740070,50.0869,15.5158,34.5711,7.148950
62,discontinued,gps,-77.35725000,38.91561400,TRUE,TRUE,-77.3572500,38.9156140,47.5531,13.3031,34.2500,2.405740
63,active,gps,-76.79460000,38.97406000,TRUE,TRUE,-76.7946000,38.9740600,46.9825,12.6141,34.3684,3.209460
67,resight-only,gps,-77.24935929,38.88850611,TRUE,TRUE,-77.2493593,38.8885061,47.5204,13.1708,34.3496,4.419310
71,resight-only,gps,-77.02159422,39.01339260,TRUE,TRUE,-77.0215942,39.0133926,47.5671,13.2981,34.2690,5.206360
73,discontinued,gps,-77.36724071,38.89278790,TRUE,TRUE,-77.3672407,38.8927879,47.1559,12.9721,34.1838,2.658690
76,discontinued,gps,-76.95266800,39.03227000,TRUE,TRUE,-76.9526680,39.0322700,48.1505,12.9320,35.2185,3.961390
77,discontinued,gps,-76.21154400,38.78193500,TRUE,TRUE,-76.2115440,38.7819350,41.6018,6.3604,35.2414,0.260737
85,active,gps,-77.01364000,38.97176000,TRUE,TRUE,-77.0136400,38.9717600,50.7930,16.0399,34.7530,7.576660
89,discontinued,gps,-76.93799300,38.93317400,TRUE,TRUE,-76.9379930,38.9331740,51.0859,15.4397,35.6462,7.161780
90,discontinued,gps,-76.72995734,38.95248685,TRUE,TRUE,-76.7299573,38.9524869,48.8375,14.3888,34.4486,3.331450
91,active,gps,-76.54495200,39.10526300,TRUE,TRUE,-76.5449520,39.1052630,48.1804,13.0450,35.1355,1.997680
94,active,gps,-77.00440000,38.97640000,TRUE,TRUE,-77.0044000,38.9764000,50.1116,15.5389,34.5727,7.148950
105,resight-only,gps,-76.62380000,39.37956300,TRUE,TRUE,-76.6238000,39.3795630,48.4339,13.8818,34.5521,4.824270
106,active,gps,-76.55691000,39.49158000,TRUE,TRUE,-76.5569100,39.4915800,44.2490,10.3350,33.9140,1.089810
109,discontinued,gps,-76.63159800,39.28609900,TRUE,TRUE,-76.6315980,39.2860990,56.2551,21.3774,34.8776,13.584800
111,discontinued,gps,-77.34458000,38.92374000,TRUE,TRUE,-77.3445800,38.9237400,47.3939,13.0821,34.3118,2.690080
121,discontinued,gps,-76.99834336,38.64303100,TRUE,TRUE,-76.9983434,38.6430310,45.8761,11.6642,34.2118,1.210360
122,active,gps,-77.00224000,38.88462000,TRUE,TRUE,-77.0022400,38.8846200,56.3281,21.5555,34.7726,14.609500
124,resight-only,gps,-76.54802000,39.12665800,TRUE,TRUE,-76.5480200,39.1266580,49.3933,14.6756,34.7177,2.412550
125,discontinued,gps,-76.87359800,39.00243500,TRUE,TRUE,-76.8735980,39.0024350,47.4971,12.5200,34.9770,4.283760
129,discontinued,gps,-77.03299584,39.05862300,TRUE,TRUE,-77.0329958,39.0586230,46.3793,12.0969,34.2824,3.771330
130,active,gps,-77.05334000,38.89977000,TRUE,TRUE,-77.0533400,38.8997700,56.3146,21.2390,35.0756,10.303700
131,active,gps,-76.48468000,38.96281000,TRUE,TRUE,-76.4846800,38.9628100,47.1430,11.3195,35.8235,2.321230
132,discontinued,gps,-77.10381800,39.04001700,TRUE,TRUE,-77.1038180,39.0400170,47.2693,12.6833,34.5860,4.830920
136,resight-only,gps,-76.95898000,39.00971000,TRUE,TRUE,-76.9589800,39.0097100,46.3228,11.7435,34.5793,4.684850
139,active,gps,-77.26441000,38.74159000,TRUE,TRUE,-77.2644100,38.7415900,46.5721,11.7903,34.7818,2.160980
141,resight-only,gps,-77.41811000,38.86515700,TRUE,TRUE,-77.4181100,38.8651570,47.3737,12.4865,34.8872,3.269270
145,discontinued,gps,-77.08536000,38.98244400,TRUE,TRUE,-77.0853600,38.9824440,46.9136,12.1929,34.7207,5.505720
148,resight-only,gps,-76.12497000,38.73248100,TRUE,TRUE,-76.1249700,38.7324810,39.3572,4.4011,34.9561,0.222279
150,discontinued,gps,-76.55973600,38.94883000,TRUE,TRUE,-76.5597360,38.9488300,47.9209,12.8335,35.0874,1.608590
151,discontinued,gps,-76.44398800,39.04011800,TRUE,TRUE,-76.4439880,39.0401180,46.2264,11.2275,34.9989,1.311470
154,resight-only,gps,-77.08751000,39.03449500,TRUE,TRUE,-77.0875100,39.0344950,48.1825,13.6463,34.5362,4.119710
155,discontinued,gps,-77.03213500,38.89792100,TRUE,TRUE,-77.0321350,38.8979210,56.2399,21.2163,35.0236,18.815400
157,discontinued,gps,-76.95434000,38.94221800,TRUE,TRUE,-76.9543400,38.9422180,51.0700,15.8926,35.1774,8.077860
159,active,gps,-76.75251289,38.96729695,TRUE,TRUE,-76.7525129,38.9672970,48.1971,13.8337,34.3633,2.767830
160,discontinued,gps,-77.06628747,38.79980511,TRUE,TRUE,-77.0662875,38.7998051,55.6921,20.4541,35.2380,7.045960
162,active,gps,-76.92866000,39.06249000,TRUE,TRUE,-76.9286600,39.0624900,47.8437,12.8718,34.9719,3.709060
163,discontinued,gps,-77.02290000,38.67584100,TRUE,TRUE,-77.0229000,38.6758410,45.4076,10.9779,34.4297,1.415590
165,active,gps,-77.02264000,39.01415000,TRUE,TRUE,-77.0226400,39.0141500,48.0203,13.6111,34.4092,4.419980
169,discontinued,gps,-77.22772768,38.99744600,TRUE,TRUE,-77.2277277,38.9974460,47.7153,13.7094,34.0059,2.245290
170,resight-only,gps,-77.01342900,38.96115700,TRUE,TRUE,-77.0134290,38.9611570,54.2720,19.4762,34.7959,9.744870
172,discontinued,gps,-76.58878500,39.39516200,TRUE,TRUE,-76.5887850,39.3951620,50.7450,16.0121,34.7329,5.030520
182,resight-only,gps,-77.17451000,39.29689200,TRUE,TRUE,-77.1745100,39.2968920,42.5727,8.8437,33.7289,0.778447
184,discontinued,gps,-77.12764182,38.83520428,TRUE,TRUE,-77.1276418,38.8352043,50.0562,15.9088,34.1474,6.088040
188,active,map,39.29815000,-76.58283000,FALSE,FALSE,-76.5828300,39.2981500,55.5457,20.5954,34.9503,10.500500
196,active,map,39.29131000,-76.59526000,FALSE,FALSE,-76.5952600,39.2913100,55.5754,20.4699,35.1055,12.671400
198,active,gps,-77.04761000,38.92008000,TRUE,TRUE,-77.0476100,38.9200800,56.0299,20.7857,35.2442,15.284900
199,discontinued,gps,-76.58241247,38.98628000,TRUE,TRUE,-76.5824125,38.9862800,48.2230,13.9003,34.3227,1.599820
203,active,map,39.30731000,-76.69542000,FALSE,FALSE,-76.6954200,39.3073100,46.6755,11.5901,35.0853,5.674810
208,discontinued,gps,-76.48298300,39.03820000,TRUE,TRUE,-76.4829830,39.0382000,47.3068,12.7396,34.5672,1.536490
209,resight-only,gps,-76.99381000,39.30942000,TRUE,TRUE,-76.9938100,39.3094200,43.7127,9.9482,33.7646,0.883772
213,active,gps,-76.84428000,39.15633000,TRUE,TRUE,-76.8442800,39.1563300,47.3639,12.8798,34.4841,3.144360
216,discontinued,gps,-76.83649900,39.32675400,TRUE,TRUE,-76.8364990,39.3267540,44.5796,10.9288,33.6507,1.685090
217,discontinued,gps,-76.78000627,39.26648100,TRUE,TRUE,-76.7800063,39.2664810,47.1199,12.6378,34.4821,3.113390
225,discontinued,gps,-76.78033100,39.26619800,TRUE,TRUE,-76.7803310,39.2661980,47.1199,12.6378,34.4821,3.113390
226,discontinued,gps,-76.77265000,39.26662700,TRUE,TRUE,-76.7726500,39.2666270,47.5465,13.0716,34.4749,3.855830
229,discontinued,gps,-76.57159300,38.56051400,TRUE,TRUE,-76.5715930,38.5605140,42.3294,8.1228,34.2066,0.375299
231,discontinued,gps,-76.59196865,39.09165500,TRUE,TRUE,-76.5919687,39.0916550,47.3696,12.8404,34.5293,2.126500
233,discontinued,gps,-76.98952500,38.88637200,TRUE,TRUE,-76.9895250,38.8863720,56.4041,21.5406,34.8635,13.268500
234,discontinued,gps,-76.00761500,38.96110600,TRUE,TRUE,-76.0076150,38.9611060,41.1372,6.5166,34.6207,0.183794
237,active,gps,-77.17724863,39.14036879,TRUE,TRUE,-77.1772486,39.1403688,47.5793,13.2980,34.2813,4.409050
238,discontinued,gps,-77.35321200,38.62060500,TRUE,TRUE,-77.3532120,38.6206050,46.0044,11.5959,34.4085,1.796670
239,discontinued,gps,-77.35579000,38.62604200,TRUE,TRUE,-77.3557900,38.6260420,46.1243,11.7310,34.3933,1.796670
242,active,gps,-78.83260400,38.33541100,TRUE,TRUE,-78.8326040,38.3354110,41.0714,7.3596,33.7118,0.201076
246,discontinued,gps,-76.65392700,39.35257300,TRUE,TRUE,-76.6539270,39.3525730,48.2746,13.6143,34.6603,6.363890
247,active,gps,-76.99879000,38.88877000,TRUE,TRUE,-76.9987900,38.8887700,55.8889,21.1584,34.7306,17.216100
248,discontinued,gps,-77.04076400,39.11478000,TRUE,TRUE,-77.0407640,39.1147800,47.4971,12.9154,34.5817,2.153450
251,active,gps,-76.58533000,39.68247400,TRUE,TRUE,-76.5853300,39.6824740,39.9848,6.4285,33.5563,0.340111
253,discontinued,gps,-76.53410000,39.01289500,TRUE,TRUE,-76.5341000,39.0128950,45.7137,11.3279,34.3858,1.537540
254,discontinued,gps,-76.78686601,39.27598100,TRUE,TRUE,-76.7868660,39.2759810,46.4231,11.2776,35.1455,3.113390
256,discontinued,gps,-77.09664000,38.89838600,TRUE,TRUE,-77.0966400,38.8983860,50.6239,15.8265,34.7974,7.149030
260,resight-only,gps,-77.49654000,38.46368800,TRUE,TRUE,-77.4965400,38.4636880,45.0017,11.2536,33.7481,0.705117
266,discontinued,gps,-76.60021161,39.04145300,TRUE,TRUE,-76.6002116,39.0414530,43.9723,9.7525,34.2198,1.492120
267,resight-only,gps,-76.60021000,39.04145300,TRUE,TRUE,-76.6002100,39.0414530,43.9723,9.7525,34.2198,1.492120
275,discontinued,gps,-77.16112888,38.90553500,TRUE,TRUE,-77.1611289,38.9055350,47.1851,12.8853,34.2998,4.156850
276,active,gps,-77.07797000,38.89236000,TRUE,TRUE,-77.0779700,38.8923600,52.7110,17.8223,34.8888,8.406440
277,active,gps,-77.07789100,38.89269500,TRUE,TRUE,-77.0778910,38.8926950,52.7110,17.8223,34.8888,8.406440
285,active,gps,-76.73842854,38.93883609,TRUE,TRUE,-76.7384285,38.9388361,47.3842,13.0632,34.3210,2.706630
289,resight-only,gps,-77.10377510,39.00981261,TRUE,TRUE,-77.1037751,39.0098126,47.1702,12.7818,34.3884,4.595710
294,discontinued,gps,-77.03007200,38.91143900,TRUE,TRUE,-77.0300720,38.9114390,56.2312,21.3649,34.8662,20.646400
295,discontinued,gps,-77.10746000,38.93003100,TRUE,TRUE,-77.1074600,38.9300310,49.4795,14.6944,34.7851,5.950300
297,discontinued,gps,-76.51970000,38.89631800,TRUE,TRUE,-76.5197000,38.8963180,44.7614,9.8551,34.9063,0.858091
300,resight-only,gps,-77.20825968,38.80616331,TRUE,TRUE,-77.2082597,38.8061633,46.9941,12.4635,34.5306,3.835260
305,discontinued,gps,-76.58353403,38.82910800,TRUE,TRUE,-76.5835340,38.8291080,39.7875,5.0935,34.6940,0.549038
308,active,map,39.32096000,-76.06356200,FALSE,FALSE,-76.0635620,39.3209600,39.1047,4.2491,34.8556,0.242536
309,discontinued,gps,-76.95083000,38.93362600,TRUE,TRUE,-76.9508300,38.9336260,51.4377,16.5203,34.9174,8.077860
313,active,gps,-77.06146700,38.91359700,TRUE,TRUE,-77.0614670,38.9135970,55.8633,20.7691,35.0942,13.320700
316,discontinued,gps,-76.54114600,38.84172600,TRUE,TRUE,-76.5411460,38.8417260,44.1974,8.7092,35.4882,0.580912
317,active,gps,-77.06256996,38.98117564,TRUE,TRUE,-77.0625700,38.9811756,47.0229,12.5927,34.4301,5.765180
319,resight-only,gps,-77.05090000,38.71962200,TRUE,TRUE,-77.0509000,38.7196220,46.8940,11.9900,34.9040,1.875800
320,resight-only,gps,-77.41558823,38.72532089,TRUE,TRUE,-77.4155882,38.7253209,44.8047,10.8477,33.9570,1.333910
322,resight-only,gps,-77.10968000,38.94760800,TRUE,TRUE,-77.1096800,38.9476080,47.9250,12.9308,34.9943,5.883460
323,resight-only,gps,-77.14485000,38.86538000,TRUE,TRUE,-77.1448500,38.8653800,49.0191,14.3465,34.6726,5.584950
324,active,gps,-77.08820031,39.01819261,TRUE,TRUE,-77.0882003,39.0181926,47.0582,12.8212,34.2370,4.299560
332,discontinued,gps,-76.62874100,38.84825900,TRUE,TRUE,-76.6287410,38.8482590,43.0628,8.8182,34.2446,0.791034
334,resight-only,gps,-77.13472000,39.05775100,TRUE,TRUE,-77.1347200,39.0577510,49.5080,15.1599,34.3481,4.504160
338,discontinued,gps,-77.02025141,38.98527700,TRUE,TRUE,-77.0202514,38.9852770,49.1713,14.4122,34.7591,6.536820
341,active,map,39.34787000,-76.54401000,FALSE,FALSE,-76.5440100,39.3478700,48.8224,14.0198,34.8026,5.535050
345,active,gps,-77.01771000,38.98896000,TRUE,TRUE,-77.0177100,38.9889600,47.5174,12.6965,34.8209,6.536820
352,discontinued,gps,-76.29199800,39.47044500,TRUE,TRUE,-76.2919980,39.4704450,46.7049,12.4239,34.2811,1.501060
353,active,gps,-77.11737226,38.96968791,TRUE,TRUE,-77.1173723,38.9696879,47.1392,12.5033,34.6359,4.143950
355,active,map,39.22465000,-76.59196000,FALSE,FALSE,-76.5919600,39.2246500,53.3613,18.2899,35.0715,6.437230
356,resight-only,gps,-76.73989058,38.95805184,TRUE,TRUE,-76.7398906,38.9580518,47.5720,13.1635,34.4085,3.331450
357,active,gps,-77.13156000,38.91267000,TRUE,TRUE,-77.1315600,38.9126700,47.9542,13.3734,34.5808,5.246120
362,discontinued,gps,-76.57155600,38.96558800,TRUE,TRUE,-76.5715560,38.9655880,47.7993,13.3160,34.4833,1.817300
363,discontinued,gps,-77.13199100,38.90094000,TRUE,TRUE,-77.1319910,38.9009400,49.0785,14.4516,34.6270,6.125360
364,discontinued,gps,-77.39401800,38.66997900,TRUE,TRUE,-77.3940180,38.6699790,46.9070,12.8379,34.0690,1.515020
366,active,gps,-77.01909000,39.03350000,TRUE,TRUE,-77.0190900,39.0335000,47.4500,12.9920,34.4580,3.732110
368,resight-only,gps,-77.07653493,39.01937401,TRUE,TRUE,-77.0765349,39.0193740,48.5663,14.2150,34.3513,4.299560
374,active,map,39.26895000,-76.59462000,FALSE,FALSE,-76.5946200,39.2689500,53.1724,17.6634,35.5090,9.666390
376,active,gps,-76.66785369,39.37643400,TRUE,TRUE,-76.6678537,39.3764340,47.8504,13.3595,34.4910,4.098810
380,discontinued,gps,-77.05724400,38.90909800,TRUE,TRUE,-77.0572440,38.9090980,55.2543,20.3007,34.9536,13.320700
381,active,gps,-77.09269000,38.86296000,TRUE,TRUE,-77.0926900,38.8629600,53.5081,18.7260,34.7821,7.535420
386,discontinued,gps,-77.11577700,38.87746100,TRUE,TRUE,-77.1157770,38.8774610,50.8916,16.3209,34.5707,6.555840
387,resight-only,gps,-76.80004000,39.28007600,TRUE,TRUE,-76.8000400,39.2800760,47.2915,12.9438,34.3477,3.285530
390,discontinued,gps,-76.49375300,38.38447300,TRUE,TRUE,-76.4937530,38.3844730,40.1715,5.4551,34.7165,0.262975
392,discontinued,gps,-77.29522454,38.71215900,TRUE,TRUE,-77.2952245,38.7121590,45.4925,11.3239,34.1685,1.742290
394,resight-only,gps,-76.53842000,39.06120700,TRUE,TRUE,-76.5384200,39.0612070,46.7219,12.1204,34.6016,1.621070
397,active,gps,-76.59892000,39.08908000,TRUE,TRUE,-76.5989200,39.0890800,47.9353,13.4458,34.4895,2.145560
399,resight-only,gps,-77.10548316,39.00743917,TRUE,TRUE,-77.1054832,39.0074392,48.6296,14.2603,34.3694,4.595710
400,active,gps,-77.12254000,38.88475300,TRUE,TRUE,-77.1225400,38.8847530,51.6459,17.0310,34.6149,6.555840
401,discontinued,gps,-76.61409200,39.36324700,TRUE,TRUE,-76.6140920,39.3632470,52.5603,17.7640,34.7963,5.730120
402,discontinued,gps,-76.85929287,38.77954900,TRUE,TRUE,-76.8592929,38.7795490,47.4738,13.0939,34.3798,2.615210
408,resight-only,gps,-77.11898000,38.99914900,TRUE,TRUE,-77.1189800,38.9991490,48.8320,14.1264,34.7056,4.037460
412,discontinued,gps,-77.11459700,39.04156500,TRUE,TRUE,-77.1145970,39.0415650,49.0773,14.6885,34.3887,4.874690
413,discontinued,gps,-77.16233500,38.92337600,TRUE,TRUE,-77.1623350,38.9233760,48.6426,13.9139,34.7287,3.863120
415,discontinued,gps,-76.55318200,38.82695000,TRUE,TRUE,-76.5531820,38.8269500,43.9513,9.1402,34.8111,0.556889
416,discontinued,gps,-77.23417000,39.20582800,TRUE,TRUE,-77.2341700,39.2058280,47.0773,12.9374,34.1399,2.307780
422,active,map,-77.30630000,38.82910000,TRUE,TRUE,-77.3063000,38.8291000,49.0354,15.3498,33.6856,3.644020
423,active,gps,-76.58091000,39.65187400,TRUE,TRUE,-76.5809100,39.6518740,38.1746,4.6051,33.5695,0.364319
426,resight-only,gps,-76.58365000,39.09017400,TRUE,TRUE,-76.5836500,39.0901740,49.0812,14.4884,34.5928,2.126500
428,discontinued,gps,-77.03716800,38.91127300,TRUE,TRUE,-77.0371680,38.9112730,56.3128,21.4540,34.8588,17.892400
431,discontinued,gps,-77.05555400,38.97583200,TRUE,TRUE,-77.0555540,38.9758320,46.8869,12.5793,34.3076,5.765180
432,discontinued,gps,-77.11774400,38.98742600,TRUE,TRUE,-77.1177440,38.9874260,48.3792,13.5949,34.7843,4.037460
437,active,map,39.32424000,-76.57169000,FALSE,FALSE,-76.5716900,39.3242400,53.5718,18.9249,34.6470,8.885760
440,discontinued,gps,-77.05912800,38.97559100,TRUE,TRUE,-77.0591280,38.9755910,47.2987,12.6758,34.6228,5.765180
445,discontinued,gps,-77.06241100,39.07472600,TRUE,TRUE,-77.0624110,39.0747260,47.2388,12.8785,34.3604,3.842890
446,active,map,39.28864000,-76.67027000,FALSE,FALSE,-76.6702700,39.2886400,55.1439,20.3360,34.8079,8.203190
449,resight-only,gps,-77.09470177,38.95002261,TRUE,TRUE,-77.0947018,38.9500226,50.3176,15.3871,34.9305,5.883460
452,resight-only,gps,-77.00901927,39.07585191,TRUE,TRUE,-77.0090193,39.0758519,46.8316,12.4835,34.3481,3.127840
453,discontinued,gps,-76.61746600,38.79295100,TRUE,TRUE,-76.6174660,38.7929510,42.3267,8.0323,34.2944,0.583258
459,discontinued,gps,-77.08542135,38.78034500,TRUE,TRUE,-77.0854214,38.7803450,49.9592,15.1478,34.8114,4.935770
462,discontinued,gps,-76.43189000,39.01182400,TRUE,TRUE,-76.4318900,39.0118240,45.6229,10.3386,35.2843,0.890391
464,discontinued,gps,-76.60477400,38.98506100,TRUE,TRUE,-76.6047740,38.9850610,46.7487,12.0951,34.6536,1.318240
468,discontinued,gps,-77.00705000,39.01360800,TRUE,TRUE,-77.0070500,39.0136080,47.7854,13.4015,34.3838,4.279030
472,active,gps,-77.07755513,38.94606739,TRUE,TRUE,-77.0775551,38.9460674,55.5604,20.6342,34.9262,7.735110
474,discontinued,gps,-76.72613900,38.90759700,TRUE,TRUE,-76.7261390,38.9075970,47.2557,12.9036,34.3521,2.315950
476,discontinued,gps,-76.49043400,38.97717600,TRUE,TRUE,-76.4904340,38.9771760,49.0727,14.4160,34.6567,2.708240
479,discontinued,gps,-77.06869300,38.96340000,TRUE,TRUE,-77.0686930,38.9634000,48.9145,14.2795,34.6350,6.778270
485,discontinued,gps,-77.13150300,38.85880500,TRUE,TRUE,-77.1315030,38.8588050,49.4167,14.6432,34.7735,5.737180
487,resight-only,gps,-77.14546600,38.75238000,TRUE,TRUE,-77.1454660,38.7523800,47.3938,12.8595,34.5343,3.568110
493,discontinued,gps,-77.44713000,38.84612700,TRUE,TRUE,-77.4471300,38.8461270,47.9600,13.3444,34.6157,2.721160
495,discontinued,gps,-76.99188200,38.98360500,TRUE,TRUE,-76.9918820,38.9836050,49.2412,14.3520,34.8892,6.526450
499,discontinued,gps,-76.47948300,39.10575700,TRUE,TRUE,-76.4794830,39.1057570,46.6674,11.7349,34.9325,1.387940
502,resight-only,gps,-77.37767000,38.97646000,TRUE,TRUE,-77.3776700,38.9764600,49.5542,15.6168,33.9374,3.460780
504,discontinued,gps,-77.09942000,38.88205200,TRUE,TRUE,-77.0994200,38.8820520,52.8016,17.9933,34.8083,7.046540
513,resight-only,gps,-77.09532767,38.89798652,TRUE,TRUE,-77.0953277,38.8979865,51.9296,17.2051,34.7245,7.149030
515,discontinued,gps,-77.02346700,38.88788500,TRUE,TRUE,-77.0234670,38.8878850,55.9684,20.9029,35.0654,18.815400
517,discontinued,gps,-76.80035500,39.11073400,TRUE,TRUE,-76.8003550,39.1107340,47.0857,12.1750,34.9108,4.256540
522,active,gps,-78.95565400,38.60528400,TRUE,TRUE,-78.9556540,38.6052840,38.6352,4.4720,34.1632,0.055416
523,discontinued,gps,-77.10467702,38.89871030,TRUE,TRUE,-77.1046770,38.8987103,50.9136,16.0979,34.8157,7.149030
529,resight-only,gps,-76.96913811,39.03046347,TRUE,TRUE,-76.9691381,39.0304635,47.1752,12.5450,34.6302,4.190420
532,resight-only,gps,-77.33713000,38.90791000,TRUE,TRUE,-77.3371300,38.9079100,46.6046,11.6593,34.9453,2.365900
533,active,gps,-77.34132000,38.90577000,TRUE,TRUE,-77.3413200,38.9057700,47.1314,12.2535,34.8779,2.479640
541,resight-only,gps,-77.29920559,39.03759437,TRUE,TRUE,-77.2992056,39.0375944,45.6852,11.9362,33.7490,1.547510
543,resight-only,gps,-77.07017019,38.82692900,TRUE,TRUE,-77.0701702,38.8269290,50.9902,16.2379,34.7523,7.673010
544,discontinued,gps,-76.53805200,39.07596100,TRUE,TRUE,-76.5380520,39.0759610,47.2791,12.4890,34.7901,2.405740
546,discontinued,gps,-77.00498000,38.98132400,TRUE,TRUE,-77.0049800,38.9813240,47.7070,13.1629,34.5441,7.148950
548,resight-only,gps,-77.09665000,38.70580700,TRUE,TRUE,-77.0966500,38.7058070,46.1281,11.5811,34.5469,1.659680
554,discontinued,gps,-76.96206000,38.86480200,TRUE,TRUE,-76.9620600,38.8648020,51.7876,16.9424,34.8451,8.745880
555,discontinued,gps,-75.85235900,38.83089000,TRUE,TRUE,-75.8523590,38.8308900,41.6457,6.8889,34.7568,0.170092
556,resight-only,gps,-77.20438000,39.08415100,TRUE,TRUE,-77.2043800,39.0841510,47.2342,13.4449,33.7892,3.659260
558,active,gps,-76.96756000,39.01579000,TRUE,TRUE,-76.9675600,39.0157900,48.3463,13.8142,34.5321,4.330610
559,resight-only,gps,-77.09060333,38.76582600,TRUE,TRUE,-77.0906033,38.7658260,50.8251,16.0401,34.7850,4.397580
562,active,gps,-77.14086000,38.91640000,TRUE,TRUE,-77.1408600,38.9164000,47.9593,13.3620,34.5973,4.521900
570,discontinued,gps,-77.10457000,38.95766600,TRUE,TRUE,-77.1045700,38.9576660,47.9444,12.7521,35.1923,5.304570
571,active,gps,-78.86279000,38.42900200,TRUE,TRUE,-78.8627900,38.4290020,50.1420,16.7399,33.4021,2.009520
573,active,gps,-77.12649000,38.83517000,TRUE,TRUE,-77.1264900,38.8351700,50.0562,15.9088,34.1474,6.088040
578,discontinued,gps,-76.33258800,39.51760800,TRUE,TRUE,-76.3325880,39.5176080,48.3264,13.9618,34.3646,1.548410
579,discontinued,gps,-76.58802900,38.96689500,TRUE,TRUE,-76.5880290,38.9668950,46.7412,12.3745,34.3667,1.475240
585,active,gps,-76.94627331,38.94858350,TRUE,TRUE,-76.9462733,38.9485835,51.5125,16.5676,34.9449,7.161780
586,discontinued,gps,-77.14678800,38.89519100,TRUE,TRUE,-77.1467880,38.8951910,47.9342,13.3605,34.5737,5.027410
591,discontinued,gps,-77.13684000,38.85921100,TRUE,TRUE,-77.1368400,38.8592110,50.1275,15.4615,34.6660,5.584950
600,discontinued,gps,-77.08286200,39.46250300,TRUE,TRUE,-77.0828620,39.4625030,44.0380,10.4512,33.5868,0.495131
601,discontinued,gps,-76.34430100,39.54191200,TRUE,TRUE,-76.3443010,39.5419120,47.2911,12.9015,34.3896,2.152740
602,active,gps,-77.06545086,38.93570432,TRUE,TRUE,-77.0654509,38.9357043,53.5091,18.8250,34.6841,8.542940
607,discontinued,gps,-76.94161000,38.91282900,TRUE,TRUE,-76.9416100,38.9128290,52.9594,17.6521,35.3073,9.444260
610,active,gps,-77.04744200,38.92272500,TRUE,TRUE,-77.0474420,38.9227250,55.7869,20.7338,35.0531,15.284900
611,active,gps,-77.30772000,39.09019000,TRUE,TRUE,-77.3077200,39.0901900,44.5138,10.7980,33.7158,1.397630
614,discontinued,gps,-76.95731300,38.88227800,TRUE,TRUE,-76.9573130,38.8822780,51.9560,17.0823,34.8737,9.571140
616,discontinued,gps,-76.58828045,39.09836400,TRUE,TRUE,-76.5882805,39.0983640,47.7239,13.0662,34.6577,2.126500
621,resight-only,gps,-76.96364222,38.89348200,TRUE,TRUE,-76.9636422,38.8934820,55.2372,19.7783,35.4589,10.830600
629,active,gps,-77.32038000,38.37807000,TRUE,TRUE,-77.3203800,38.3780700,38.0032,3.8887,34.1145,0.309395
635,resight-only,gps,-76.74179025,39.27534800,TRUE,TRUE,-76.7417903,39.2753480,50.5885,15.9283,34.6602,4.364830
637,discontinued,gps,-76.48385200,38.93520000,TRUE,TRUE,-76.4838520,38.9352000,46.8464,11.0196,35.8268,1.105150
639,resight-only,gps,-77.10759428,39.01164477,TRUE,TRUE,-77.1075943,39.0116448,47.0733,12.5573,34.5160,4.595710
641,discontinued,gps,-76.34053500,39.71296000,TRUE,TRUE,-76.3405350,39.7129600,43.2160,9.4732,33.7428,0.363081
649,active,gps,-77.15827000,38.89578000,TRUE,TRUE,-77.1582700,38.8957800,49.4933,15.0497,34.4436,4.473850
650,active,gps,-77.07007886,39.17591124,TRUE,TRUE,-77.0700789,39.1759112,46.4245,12.4826,33.9419,1.422740
651,active,gps,-77.34595000,38.96634000,TRUE,TRUE,-77.3459500,38.9663400,47.3848,13.5649,33.8200,3.297230
652,resight-only,gps,-77.11650500,38.96709500,TRUE,TRUE,-77.1165050,38.9670950,47.3768,12.7566,34.6201,4.377610
655,active,gps,-77.24095000,38.88216000,TRUE,TRUE,-77.2409500,38.8821600,49.5718,15.3372,34.2346,4.419310
657,resight-only,gps,-77.29927568,38.93561000,TRUE,TRUE,-77.2992757,38.9356100,46.9547,12.4172,34.5375,2.426520
671,active,gps,-77.05682000,38.93492000,TRUE,TRUE,-77.0568200,38.9349200,53.4069,18.5306,34.8763,8.542940
674,discontinued,gps,-77.01924200,38.98126500,TRUE,TRUE,-77.0192420,38.9812650,48.4339,13.7852,34.6487,7.576660
677,discontinued,gps,-77.22365709,39.25867214,TRUE,TRUE,-77.2236571,39.2586721,46.2540,12.5311,33.7229,1.076490
679,active,gps,-77.10436000,38.95739000,TRUE,TRUE,-77.1043600,38.9573900,48.7160,13.6156,35.1005,5.304570
680,resight-only,gps,-77.08468000,38.97968300,TRUE,TRUE,-77.0846800,38.9796830,46.8586,12.2205,34.6381,5.505720
684,discontinued,gps,-76.49983500,39.03462500,TRUE,TRUE,-76.4998350,39.0346250,47.0715,12.3007,34.7708,1.585550
685,discontinued,gps,-77.04171000,38.92433000,TRUE,TRUE,-77.0417100,38.9243300,55.5732,20.6462,34.9269,15.284900
687,discontinued,gps,-76.59153091,39.37833200,TRUE,TRUE,-76.5915309,39.3783320,47.0252,12.4284,34.5968,4.935040
691,resight-only,gps,-77.10740000,38.94910000,TRUE,TRUE,-77.1074000,38.9491000,47.4641,12.6178,34.8463,5.883460
692,discontinued,gps,-76.50949903,38.99258100,TRUE,TRUE,-76.5094990,38.9925810,48.6588,13.1177,35.5411,1.908090
694,resight-only,gps,-77.11857055,39.00987813,TRUE,TRUE,-77.1185706,39.0098781,47.3414,12.8250,34.5164,4.023290
697,active,gps,-77.06443300,38.98656900,TRUE,TRUE,-77.0644330,38.9865690,46.3031,11.5630,34.7401,5.103550
699,discontinued,gps,-77.42858600,38.81354700,TRUE,TRUE,-77.4285860,38.8135470,47.0659,12.4315,34.6343,2.402670
704,discontinued,gps,-76.31176400,39.70132700,TRUE,TRUE,-76.3117640,39.7013270,40.6792,6.8758,33.8034,0.333452
705,discontinued,gps,-76.95130300,38.95267300,TRUE,TRUE,-76.9513030,38.9526730,52.1094,16.8735,35.2359,7.606440
706,active,gps,-77.06155348,38.97239969,TRUE,TRUE,-77.0615535,38.9723997,47.1415,12.6719,34.4696,5.765180
707,discontinued,gps,-76.53965725,38.79070400,TRUE,TRUE,-76.5396573,38.7907040,43.7871,8.8124,34.9747,0.543885
709,resight-only,gps,-77.11763428,39.00907522,TRUE,TRUE,-77.1176343,39.0090752,47.3047,12.6344,34.6703,4.023290
712,discontinued,gps,-77.12293000,38.94527400,TRUE,TRUE,-77.1229300,38.9452740,48.3538,13.5114,34.8424,4.716610
718,active,gps,-77.05754000,38.97252500,TRUE,TRUE,-77.0575400,38.9725250,47.1515,12.6841,34.4674,5.765180
721,discontinued,gps,-77.00506600,38.97154200,TRUE,TRUE,-77.0050660,38.9715420,50.4436,15.7550,34.6886,7.148950
722,active,gps,-77.00274700,38.97463500,TRUE,TRUE,-77.0027470,38.9746350,50.0869,15.5158,34.5711,7.148950
727,active,map,39.24345000,-76.59459000,FALSE,FALSE,-76.5945900,39.2434500,55.0143,19.1995,35.8148,7.463300
728,discontinued,gps,-76.62704900,39.04588700,TRUE,TRUE,-76.6270490,39.0458870,45.6680,11.5421,34.1258,1.648850
735,resight-only,gps,-77.00353000,39.15022500,TRUE,TRUE,-77.0035300,39.1502250,46.2318,12.0783,34.1535,1.634150
739,resight-only,gps,-76.88435000,39.20756300,TRUE,TRUE,-76.8843500,39.2075630,48.1340,14.0174,34.1166,2.841950
741,resight-only,gps,-77.05332381,39.34846500,TRUE,TRUE,-77.0533238,39.3484650,43.4846,9.6378,33.8468,0.695061
743,discontinued,gps,-76.92705866,39.17456200,TRUE,TRUE,-76.9270587,39.1745620,46.4052,12.2213,34.1839,1.866190
748,active,gps,-77.07861000,38.79320000,TRUE,TRUE,-77.0786100,38.7932000,54.3994,19.7087,34.6907,6.289270
751,discontinued,gps,-76.29944500,39.47934300,TRUE,TRUE,-76.2994450,39.4793430,46.9143,12.5614,34.3529,1.949460
753,discontinued,gps,-77.06668731,38.76102600,TRUE,TRUE,-77.0666873,38.7610260,47.8618,13.2081,34.6537,3.597760
755,discontinued,gps,-76.99706100,39.29659300,TRUE,TRUE,-76.9970610,39.2965930,43.9130,10.0836,33.8294,0.931831
757,active,gps,-77.00161717,38.92413032,TRUE,TRUE,-77.0016172,38.9241303,55.6460,20.8256,34.8204,14.203700
758,discontinued,gps,-76.78587900,39.71066500,TRUE,TRUE,-76.7858790,39.7106650,38.7569,4.9137,33.8431,0.332815
760,resight-only,gps,-77.09862313,38.95856500,TRUE,TRUE,-77.0986231,38.9585650,49.0305,14.2172,34.8134,5.304570
765,discontinued,gps,-76.68026700,38.74348000,TRUE,TRUE,-76.6802670,38.7434800,43.7223,8.7474,34.9749,0.698184
766,resight-only,gps,-76.65637315,38.74651300,TRUE,TRUE,-76.6563732,38.7465130,43.7686,9.5017,34.2670,0.750940
769,discontinued,gps,-77.20770200,39.26878500,TRUE,TRUE,-77.2077020,39.2687850,45.4722,11.7711,33.7011,1.076490
770,discontinued,gps,-76.44529800,39.52025400,TRUE,TRUE,-76.4452980,39.5202540,44.0223,10.3862,33.6361,0.870538
775,resight-only,gps,-76.60785389,39.09820400,TRUE,TRUE,-76.6078539,39.0982040,47.2593,12.9629,34.2963,2.145560
777,discontinued,gps,-77.58940039,38.85026500,TRUE,TRUE,-77.5894004,38.8502650,44.5148,10.2807,34.2341,1.130410
779,discontinued,gps,-76.49981144,38.99312000,TRUE,TRUE,-76.4998114,38.9931200,47.7557,12.4657,35.2900,1.908090
780,active,gps,-77.11954000,38.87374000,TRUE,TRUE,-77.1195400,38.8737400,50.4247,15.6658,34.7589,6.555840
783,discontinued,gps,-76.93021300,39.06435600,TRUE,TRUE,-76.9302130,39.0643560,47.0443,12.4515,34.5928,3.709060
784,resight-only,gps,-76.99685000,38.88323300,TRUE,TRUE,-76.9968500,38.8832330,56.2286,21.4311,34.7976,14.609500
785,discontinued,gps,-77.09230400,39.03618500,TRUE,TRUE,-77.0923040,39.0361850,47.2573,12.8240,34.4333,4.830920
788,resight-only,gps,-76.53508000,38.70396200,TRUE,TRUE,-76.5350800,38.7039620,44.5804,9.8254,34.7550,0.845767
790,resight-only,gps,-76.79920152,38.99516742,TRUE,TRUE,-76.7992015,38.9951674,47.3239,12.9542,34.3697,2.752150
792,discontinued,gps,-76.85308074,39.30451600,TRUE,TRUE,-76.8530807,39.3045160,47.1559,13.2076,33.9484,1.949640
793,discontinued,gps,-76.46445033,38.99788600,TRUE,TRUE,-76.4644503,38.9978860,46.4415,11.6864,34.7551,1.281200
795,active,gps,-77.29872000,39.03615000,TRUE,TRUE,-77.2987200,39.0361500,45.6852,11.9362,33.7490,1.547510
798,discontinued,gps,-77.00659900,38.99457700,TRUE,TRUE,-77.0065990,38.9945770,48.4645,13.8907,34.5738,6.526450
801,active,gps,-76.46768000,39.09271000,TRUE,TRUE,-76.4676800,39.0927100,45.4552,10.4136,35.0416,1.043640
803,resight-only,gps,-77.33961000,38.68771800,TRUE,TRUE,-77.3396100,38.6877180,46.1463,12.1678,33.9785,2.104700
808,discontinued,gps,-77.08213400,38.98600200,TRUE,TRUE,-77.0821340,38.9860020,47.2413,12.6467,34.5947,4.959090
809,discontinued,gps,-77.22274000,38.98484600,TRUE,TRUE,-77.2227400,38.9848460,46.2887,12.1687,34.1200,2.245290
810,discontinued,gps,-77.22272900,38.98484200,TRUE,TRUE,-77.2227290,38.9848420,46.2887,12.1687,34.1200,2.245290
811,active,gps,-77.18272000,38.93399000,TRUE,TRUE,-77.1827200,38.9339900,47.3418,12.7031,34.6387,3.957740
812,resight-only,gps,-76.98375900,39.02495300,TRUE,TRUE,-76.9837590,39.0249530,48.5042,14.0659,34.4383,4.406280
813,resight-only,gps,-76.76243226,38.95584834,TRUE,TRUE,-76.7624323,38.9558483,46.3252,11.8075,34.5176,2.769190
815,discontinued,gps,-77.79503900,38.70968000,TRUE,TRUE,-77.7950390,38.7096800,47.8789,14.1110,33.7679,0.852948
816,active,map,39.35793000,-76.52798000,FALSE,FALSE,-76.5279800,39.3579300,48.9330,14.1862,34.7467,4.916080
818,discontinued,gps,-77.07183800,38.93115000,TRUE,TRUE,-77.0718380,38.9311500,55.0029,20.2857,34.7173,10.417800
819,discontinued,gps,-77.02138800,38.89180600,TRUE,TRUE,-77.0213880,38.8918060,56.4628,20.8497,35.6131,18.815400
821,discontinued,gps,-76.79587600,39.31802300,TRUE,TRUE,-76.7958760,39.3180230,46.7345,12.0274,34.7071,2.312750
822,resight-only,gps,-76.80688000,39.30770300,TRUE,TRUE,-76.8068800,39.3077030,46.3921,12.4529,33.9392,2.524050
823,resight-only,gps,-77.11975464,38.99538646,TRUE,TRUE,-77.1197546,38.9953865,47.4198,12.8413,34.5785,4.037460
825,active,gps,-77.32746000,38.88929000,TRUE,TRUE,-77.3274600,38.8892900,47.1991,12.1044,35.0947,2.824760
829,discontinued,gps,-76.56630114,38.99702200,TRUE,TRUE,-76.5663011,38.9970220,46.2725,11.5261,34.7465,1.722760
831,discontinued,gps,-76.70061638,39.24284500,TRUE,TRUE,-76.7006164,39.2428450,47.9767,12.9329,35.0438,4.546980
836,discontinued,gps,-76.45952900,39.63105800,TRUE,TRUE,-76.4595290,39.6310580,40.9810,7.5874,33.3936,0.442892
844,active,gps,-76.92444000,39.01342000,TRUE,TRUE,-76.9244400,39.0134200,48.0662,13.0437,35.0225,4.833870
845,discontinued,gps,-77.06674500,39.47732500,TRUE,TRUE,-77.0667450,39.4773250,43.6106,9.9435,33.6671,0.507861
846,resight-only,gps,-76.54221000,39.08662100,TRUE,TRUE,-76.5422100,39.0866210,47.6663,12.3106,35.3557,2.000250
848,active,gps,-77.29994141,38.82507185,TRUE,TRUE,-77.2999414,38.8250719,47.4541,13.6189,33.8352,2.805930
850,active,gps,-77.08421000,38.94893000,TRUE,TRUE,-77.0842100,38.9489300,53.8623,19.1076,34.7547,7.735110
851,resight-only,gps,-77.10197348,38.70773967,TRUE,TRUE,-77.1019735,38.7077397,46.8562,12.3118,34.5444,1.937540
852,discontinued,gps,-76.73139400,38.71415200,TRUE,TRUE,-76.7313940,38.7141520,41.5746,7.2609,34.3137,0.663149
854,active,gps,-77.04259000,38.92559000,TRUE,TRUE,-77.0425900,38.9255900,55.8819,21.0778,34.8041,15.284900
855,active,gps,-77.00464200,38.98168000,TRUE,TRUE,-77.0046420,38.9816800,47.7070,13.1629,34.5441,6.526450
856,resight-only,gps,-76.92628290,39.00503152,TRUE,TRUE,-76.9262829,39.0050315,47.9839,13.3553,34.6286,5.201400
858,discontinued,gps,-77.39895000,38.84804600,TRUE,TRUE,-77.3989500,38.8480460,48.1017,14.1159,33.9858,3.832570
860,discontinued,gps,-76.76367617,39.29935500,TRUE,TRUE,-76.7636762,39.2993550,46.9921,13.0525,33.9397,4.445060
861,resight-only,gps,-77.14646900,39.07325800,TRUE,TRUE,-77.1464690,39.0732580,48.2588,14.0581,34.2007,4.317030
862,resight-only,gps,-77.10342075,38.78529300,TRUE,TRUE,-77.1034208,38.7852930,48.1129,13.5505,34.5624,4.294650
865,discontinued,gps,-77.10562700,38.92495400,TRUE,TRUE,-77.1056270,38.9249540,49.3256,14.4735,34.8521,5.950300
867,discontinued,gps,-77.00575200,38.97139000,TRUE,TRUE,-77.0057520,38.9713900,50.4436,15.7550,34.6886,7.148950
874,active,gps,-77.03540000,38.97622000,TRUE,TRUE,-77.0354000,38.9762200,50.5687,16.1504,34.4184,6.893130
875,active,map,39.28871000,-76.58179000,FALSE,FALSE,-76.5817900,39.2887100,55.5284,20.2385,35.2899,10.032600
876,discontinued,gps,-76.68071529,39.37443800,TRUE,TRUE,-76.6807153,39.3744380,47.8585,13.6256,34.2329,5.171160
878,resight-only,gps,-76.58182000,39.28850800,TRUE,TRUE,-76.5818200,39.2885080,55.5284,20.2385,35.2899,10.032600
883,active,gps,-77.03846000,39.31998000,TRUE,TRUE,-77.0384600,39.3199800,43.5324,9.5646,33.9678,0.779284
884,active,gps,-76.54777000,39.01040400,TRUE,TRUE,-76.5477700,39.0104040,45.3913,11.0422,34.3491,1.535150
890,active,gps,-76.47009000,39.01745900,TRUE,TRUE,-76.4700900,39.0174590,46.5371,11.5881,34.9490,1.226230
891,discontinued,gps,-77.05493026,38.98404900,TRUE,TRUE,-77.0549303,38.9840490,47.1768,12.6800,34.4968,5.103550
895,discontinued,gps,-77.03082500,39.06727900,TRUE,TRUE,-77.0308250,39.0672790,48.5668,14.0389,34.5279,3.479630
897,discontinued,gps,-76.12692700,38.85462900,TRUE,TRUE,-76.1269270,38.8546290,39.5140,4.6570,34.8570,0.191574
902,active,gps,-77.08238000,38.95743300,TRUE,TRUE,-77.0823800,38.9574330,52.8379,18.0385,34.7993,6.714850
907,resight-only,gps,-77.11837094,39.01247665,TRUE,TRUE,-77.1183709,39.0124767,47.3505,12.7735,34.5770,4.023290
908,discontinued,gps,-76.66248800,38.75452900,TRUE,TRUE,-76.6624880,38.7545290,44.5340,10.1537,34.3802,0.679539
909,discontinued,gps,-76.91073600,38.94646000,TRUE,TRUE,-76.9107360,38.9464600,50.1451,15.4219,34.7233,6.822020
919,resight-only,gps,-77.08910241,38.99115518,TRUE,TRUE,-77.0891024,38.9911552,47.1695,12.4960,34.6735,4.959090
926,discontinued,gps,-77.23235000,39.13687100,TRUE,TRUE,-77.2323500,39.1368710,48.4751,14.5024,33.9727,3.524550
930,resight-only,gps,-77.14308449,38.97418291,TRUE,TRUE,-77.1430845,38.9741829,47.1898,12.6192,34.5705,3.388750
931,discontinued,gps,-76.81600200,38.85381400,TRUE,TRUE,-76.8160020,38.8538140,46.6299,12.3738,34.2561,2.766610
933,active,gps,-76.88507000,39.00142000,TRUE,TRUE,-76.8850700,39.0014200,47.0160,12.1992,34.8168,4.283760
936,discontinued,gps,-77.05345000,38.96651667,TRUE,TRUE,-77.0534500,38.9665167,47.7318,13.2010,34.5307,5.765180
937,discontinued,gps,-77.05428609,38.95776900,TRUE,TRUE,-77.0542861,38.9577690,48.7739,14.1988,34.5751,6.778270
938,discontinued,gps,-77.05032315,38.95560400,TRUE,TRUE,-77.0503232,38.9556040,48.0112,13.3415,34.6697,8.568310
939,discontinued,gps,-77.04480049,38.97142400,TRUE,TRUE,-77.0448005,38.9714240,44.0745,9.6352,34.4394,6.893130
940,discontinued,gps,-77.04932602,38.93380800,TRUE,TRUE,-77.0493260,38.9338080,55.3869,20.2185,35.1684,15.284900
941,discontinued,gps,-77.05165256,38.95808500,TRUE,TRUE,-77.0516526,38.9580850,47.8187,13.1611,34.6576,6.778270
942,discontinued,gps,-77.05113333,38.97531667,TRUE,TRUE,-77.0511333,38.9753167,47.9014,13.6501,34.2513,5.765180
943,discontinued,gps,-77.04823333,38.97330000,TRUE,TRUE,-77.0482333,38.9733000,45.1864,10.9287,34.2577,6.893130
944,discontinued,gps,-77.04480000,38.97105000,TRUE,TRUE,-77.0448000,38.9710500,48.6436,13.7409,34.9027,6.893130
945,discontinued,gps,-77.05238684,38.93953800,TRUE,TRUE,-77.0523868,38.9395380,52.1456,17.0988,35.0467,8.542940
946,discontinued,gps,-77.05264030,38.93632600,TRUE,TRUE,-77.0526403,38.9363260,52.7474,17.7475,34.9999,8.542940
947,discontinued,gps,-77.04336630,38.95806900,TRUE,TRUE,-77.0433663,38.9580690,51.4031,16.3037,35.0994,8.568310
948,discontinued,gps,-77.04140000,38.97825000,TRUE,TRUE,-77.0414000,38.9782500,46.9483,12.2815,34.6668,6.893130
949,resight-only,gps,-77.04740482,38.92557000,TRUE,TRUE,-77.0474048,38.9255700,55.5863,20.4871,35.0992,15.284900
950,discontinued,gps,-77.10682900,39.11266800,TRUE,TRUE,-77.1068290,39.1126680,45.8080,11.2201,34.5879,2.475310
951,resight-only,gps,-77.00050246,38.97885078,TRUE,TRUE,-77.0005025,38.9788508,48.4824,13.9313,34.5511,7.148950
953,discontinued,gps,-77.02685400,39.24903600,TRUE,TRUE,-77.0268540,39.2490360,42.9444,8.9901,33.9544,0.914258
954,discontinued,gps,-76.61088700,38.89727200,TRUE,TRUE,-76.6108870,38.8972720,44.5419,10.2085,34.3334,0.897034
956,discontinued,gps,-76.54586200,39.10533100,TRUE,TRUE,-76.5458620,39.1053310,49.5653,14.8822,34.6831,1.997680
957,active,gps,-77.02058000,38.99424000,TRUE,TRUE,-77.0205800,38.9942400,48.4799,13.9343,34.5457,6.536820
960,discontinued,gps,-76.62489000,39.28369800,TRUE,TRUE,-76.6248900,39.2836980,56.3693,20.8030,35.5663,13.584800
961,resight-only,gps,-76.99565218,38.97754628,TRUE,TRUE,-76.9956522,38.9775463,49.3440,14.7349,34.6092,7.148950
965,discontinued,gps,-76.47382600,39.00293300,TRUE,TRUE,-76.4738260,39.0029330,46.7365,11.8363,34.9002,1.281200
967,active,gps,-77.02761801,38.92297864,TRUE,TRUE,-77.0276180,38.9229786,56.1988,21.5330,34.6658,16.152300
982,discontinued,gps,-76.91128300,38.94534000,TRUE,TRUE,-76.9112830,38.9453400,50.1451,15.4219,34.7233,6.822020
983,active,gps,-76.55349000,38.85994200,TRUE,TRUE,-76.5534900,38.8599420,40.7027,6.3047,34.3980,0.587617
986,discontinued,gps,-76.97340400,38.96589200,TRUE,TRUE,-76.9734040,38.9658920,52.0467,17.1194,34.9274,6.899000
990,discontinued,gps,-77.23712964,38.88893900,TRUE,TRUE,-77.2371296,38.8889390,47.4517,13.3000,34.1517,4.419310
991,resight-only,gps,-76.75737180,38.99436347,TRUE,TRUE,-76.7573718,38.9943635,47.4450,12.9792,34.4658,2.488140
993,resight-only,gps,-76.87152941,39.00835578,TRUE,TRUE,-76.8715294,39.0083558,45.6439,10.6583,34.9856,4.283760
995,discontinued,gps,-76.87474016,39.14984500,TRUE,TRUE,-76.8747402,39.1498450,47.2128,12.9263,34.2865,2.713670
996,resight-only,gps,-77.05472239,39.07656892,TRUE,TRUE,-77.0547224,39.0765689,47.2429,12.6579,34.5850,3.842890
1006,discontinued,gps,-77.18059000,39.06738100,TRUE,TRUE,-77.1805900,39.0673810,47.2492,13.4434,33.8057,3.233430
1007,resight-only,gps,-77.07552117,39.02183379,TRUE,TRUE,-77.0755212,39.0218338,48.5800,14.0681,34.5119,4.299560
1009,active,gps,-76.92108000,38.92721000,TRUE,TRUE,-76.9210800,38.9272100,47.8259,12.8751,34.9508,7.011190
1010,resight-only,gps,-76.86772000,38.75970900,TRUE,TRUE,-76.8677200,38.7597090,46.8412,12.5923,34.2490,2.372160
1014,resight-only,gps,-77.05741000,38.99516000,TRUE,TRUE,-77.0574100,38.9951600,46.7978,12.2861,34.5116,5.103550
1019,discontinued,gps,-77.29086316,39.07972600,TRUE,TRUE,-77.2908632,39.0797260,45.3750,10.8200,34.5550,1.523320
1020,resight-only,gps,-77.10883000,39.10601100,TRUE,TRUE,-77.1088300,39.1060110,46.2502,11.5720,34.6782,2.928930
1022,active,gps,-76.81905000,39.33631000,TRUE,TRUE,-76.8190500,39.3363100,45.5291,10.9776,34.5515,1.817930
1025,discontinued,gps,-76.82083200,39.46592700,TRUE,TRUE,-76.8208320,39.4659270,46.9415,13.1696,33.7719,1.795340
1027,discontinued,gps,-76.50134800,38.89793300,TRUE,TRUE,-76.5013480,38.8979330,44.4786,9.0977,35.3809,0.858091
1028,active,gps,-76.75629453,38.99609168,TRUE,TRUE,-76.7562945,38.9960917,47.3633,12.8463,34.5170,2.488140
1030,discontinued,gps,-76.54807800,39.35898200,TRUE,TRUE,-76.5480780,39.3589820,50.7483,15.6695,35.0788,5.519320
1031,discontinued,gps,-77.23958400,39.05073200,TRUE,TRUE,-77.2395840,39.0507320,47.5471,13.5183,34.0288,1.940170
1033,discontinued,gps,-76.55313700,38.88873300,TRUE,TRUE,-76.5531370,38.8887330,41.8287,7.0386,34.7901,0.690118
1035,discontinued,gps,-77.22359965,38.99651614,TRUE,TRUE,-77.2235997,38.9965161,47.1951,13.1757,34.0194,2.245290
1038,resight-only,gps,-77.15373165,38.98577194,TRUE,TRUE,-77.1537317,38.9857719,47.2885,12.2288,35.0597,3.053540
1040,discontinued,gps,-76.65081241,39.20566400,TRUE,TRUE,-76.6508124,39.2056640,49.1888,14.5791,34.6097,5.054840
1042,discontinued,gps,-76.94886700,38.96051100,TRUE,TRUE,-76.9488670,38.9605110,49.3794,14.4183,34.9611,7.606440
1046,active,gps,-76.99169000,38.98627000,TRUE,TRUE,-76.9916900,38.9862700,49.6379,15.1811,34.4568,6.526450
1048,discontinued,gps,-77.37912800,38.77871700,TRUE,TRUE,-77.3791280,38.7787170,44.2048,10.1219,34.0830,1.480200
1049,discontinued,gps,-77.07449311,38.81276000,TRUE,TRUE,-77.0744931,38.8127600,50.7255,16.1887,34.5368,7.005660
1051,resight-only,gps,-77.18879000,39.21086100,TRUE,TRUE,-77.1887900,39.2108610,45.9226,12.2991,33.6235,1.382210
1052,discontinued,gps,-76.47657300,38.97160200,TRUE,TRUE,-76.4765730,38.9716020,46.5695,11.3247,35.2448,1.433170
1053,active,gps,-77.07550000,38.94755000,TRUE,TRUE,-77.0755000,38.9475500,51.6150,16.8174,34.7976,7.735110
1054,active,gps,-77.07525170,38.94779329,TRUE,TRUE,-77.0752517,38.9477933,51.6150,16.8174,34.7976,7.735110
1056,active,gps,-77.04769400,38.92615500,TRUE,TRUE,-77.0476940,38.9261550,55.5863,20.4871,35.0992,15.284900
1058,resight-only,gps,-77.01029300,38.99741500,TRUE,TRUE,-77.0102930,38.9974150,49.0232,14.4694,34.5538,6.536820
1061,active,gps,-77.02581700,38.88860400,TRUE,TRUE,-77.0258170,38.8886040,56.2150,21.1471,35.0678,18.815400
1062,active,gps,-76.93771367,38.96094399,TRUE,TRUE,-76.9377137,38.9609440,49.5381,14.6385,34.8996,6.524740
1063,discontinued,gps,-77.11265200,38.96961400,TRUE,TRUE,-77.1126520,38.9696140,47.9287,13.2102,34.7186,4.143950
1065,resight-only,gps,-76.76646549,38.41100600,TRUE,TRUE,-76.7664655,38.4110060,40.4683,6.2815,34.1867,0.242890
1066,resight-only,gps,-77.14200000,38.97396800,TRUE,TRUE,-77.1420000,38.9739680,47.1898,12.6192,34.5705,3.388750
1071,resight-only,gps,-76.72839028,38.92455024,TRUE,TRUE,-76.7283903,38.9245502,46.3761,11.9956,34.3805,2.558870
1072,discontinued,gps,-76.50712158,38.99753100,TRUE,TRUE,-76.5071216,38.9975310,47.1290,11.9236,35.2054,1.908090
1077,active,gps,-77.00520100,38.97313900,TRUE,TRUE,-77.0052010,38.9731390,50.1355,15.5632,34.5723,7.148950
1081,active,gps,-77.06840000,38.97719000,TRUE,TRUE,-77.0684000,38.9771900,46.8857,12.2753,34.6104,5.765180
1082,discontinued,gps,-77.00261500,38.98234800,TRUE,TRUE,-77.0026150,38.9823480,48.8910,14.2201,34.6709,6.526450
1091,active,gps,-76.98587000,39.08302000,TRUE,TRUE,-76.9858700,39.0830200,46.8869,12.5756,34.3113,2.909260
1093,active,map,39.28173000,-76.69991000,FALSE,FALSE,-76.6999100,39.2817300,50.6717,15.9565,34.7152,5.913950
1097,discontinued,gps,-76.87935728,39.22589700,TRUE,TRUE,-76.8793573,39.2258970,46.9168,12.9844,33.9324,3.010630
1101,discontinued,gps,-77.16648800,38.91379000,TRUE,TRUE,-77.1664880,38.9137900,48.8786,14.2586,34.6200,4.156850
1102,active,gps,-77.16607000,38.91761000,TRUE,TRUE,-77.1660700,38.9176100,47.6161,12.9905,34.6256,4.156850
1103,discontinued,gps,-76.87348025,39.00307100,TRUE,TRUE,-76.8734803,39.0030710,47.4971,12.5200,34.9770,4.283760
1105,discontinued,gps,-77.01523789,39.00266300,TRUE,TRUE,-77.0152379,39.0026630,49.8982,15.6690,34.2292,5.206360
1106,discontinued,gps,-76.61403600,39.11209900,TRUE,TRUE,-76.6140360,39.1120990,47.2251,12.9273,34.2978,2.474090
1109,discontinued,gps,-77.10652677,38.82313400,TRUE,TRUE,-77.1065268,38.8231340,49.0483,14.4722,34.5761,6.110700
1114,discontinued,gps,-76.58081500,39.14816200,TRUE,TRUE,-76.5808150,39.1481620,47.9407,13.3678,34.5729,3.558610
1119,active,gps,-76.99245000,38.94120000,TRUE,TRUE,-76.9924500,38.9412000,54.2562,19.3111,34.9452,10.825700
1120,active,gps,-76.56586000,38.96538000,TRUE,TRUE,-76.5658600,38.9653800,47.7734,13.2249,34.5485,1.817300
1121,resight-only,gps,-76.99271874,39.02440448,TRUE,TRUE,-76.9927187,39.0244045,46.9254,12.3934,34.5321,4.279030
1122,discontinued,gps,-77.08612200,38.98225900,TRUE,TRUE,-77.0861220,38.9822590,46.9136,12.1929,34.7207,5.505720
1124,discontinued,gps,-77.11407300,38.90766900,TRUE,TRUE,-77.1140730,38.9076690,48.7055,14.1282,34.5773,5.246120
1127,resight-only,gps,-77.27328279,39.07581773,TRUE,TRUE,-77.2732828,39.0758177,45.6656,11.7200,33.9456,1.815830
1128,discontinued,gps,-77.08543100,38.94533300,TRUE,TRUE,-77.0854310,38.9453330,53.9255,19.1719,34.7536,7.735110
1133,discontinued,gps,-76.53899080,39.01293800,TRUE,TRUE,-76.5389908,39.0129380,45.7656,11.3380,34.4277,1.535150
1135,discontinued,gps,-76.99259400,39.14052600,TRUE,TRUE,-76.9925940,39.1405260,45.7525,11.7212,34.0313,1.941850
1141,discontinued,gps,-77.30393775,38.99939800,TRUE,TRUE,-77.3039378,38.9993980,47.8353,14.0658,33.7695,1.993530
1142,resight-only,gps,-77.32860000,38.99690800,TRUE,TRUE,-77.3286000,38.9969080,47.9571,14.0729,33.8842,2.288100
1144,discontinued,gps,-77.07658400,39.29909300,TRUE,TRUE,-77.0765840,39.2990930,42.6890,8.9393,33.7497,0.725296
1145,discontinued,gps,-76.99349000,38.97811300,TRUE,TRUE,-76.9934900,38.9781130,48.3027,13.5489,34.7538,7.148950
1146,discontinued,gps,-77.06652400,38.90657900,TRUE,TRUE,-77.0665240,38.9065790,55.4702,20.4921,34.9781,13.320700
1148,discontinued,gps,-76.68504900,38.99622800,TRUE,TRUE,-76.6850490,38.9962280,47.2314,12.8652,34.3661,2.148010
1153,resight-only,gps,-76.54688300,38.92935700,TRUE,TRUE,-76.5468830,38.9293570,46.5468,11.4465,35.1003,1.636730
1154,active,gps,-76.59784000,38.72271000,TRUE,TRUE,-76.5978400,38.7227100,44.2836,10.0821,34.2015,0.504657
1158,active,gps,-77.13128000,39.00987000,TRUE,TRUE,-77.1312800,39.0098700,47.5711,13.1824,34.3888,4.023290
1160,resight-only,gps,-77.28131000,38.90623900,TRUE,TRUE,-77.2813100,38.9062390,47.1771,12.7895,34.3875,2.760950
1164,discontinued,gps,-77.32773954,38.68926100,TRUE,TRUE,-77.3277395,38.6892610,47.1504,12.7574,34.3930,2.104700
1168,discontinued,gps,-76.95997900,38.61620500,TRUE,TRUE,-76.9599790,38.6162050,47.8200,13.6268,34.1932,1.573650
1170,resight-only,gps,-77.34399000,38.87611100,TRUE,TRUE,-77.3439900,38.8761110,48.0940,13.5741,34.5199,2.765030
1171,discontinued,gps,-77.08905066,38.88406100,TRUE,TRUE,-77.0890507,38.8840610,52.3142,17.4959,34.8184,7.592820
1176,discontinued,gps,-77.06456966,38.96616500,TRUE,TRUE,-77.0645697,38.9661650,48.3403,13.7876,34.5527,6.778270
1177,discontinued,gps,-76.91817865,39.04485529,TRUE,TRUE,-76.9181787,39.0448553,47.9291,13.3526,34.5766,4.011530
1183,discontinued,gps,-77.03850200,39.08109300,TRUE,TRUE,-77.0385020,39.0810930,46.9758,12.8865,34.0894,2.924680
1185,active,gps,-77.01407889,39.07370129,TRUE,TRUE,-77.0140789,39.0737013,47.2898,13.0198,34.2701,3.127840
1186,active,gps,-78.88132600,38.44954800,TRUE,TRUE,-78.8813260,38.4495480,49.8482,16.3189,33.5293,1.598270
1187,discontinued,gps,-77.09248200,39.06710500,TRUE,TRUE,-77.0924820,39.0671050,46.9860,12.2502,34.7358,3.877190
1188,active,gps,-77.03685900,39.05625300,TRUE,TRUE,-77.0368590,39.0562530,46.4739,12.2373,34.2366,3.771330
1191,discontinued,gps,-77.08169723,38.73460200,TRUE,TRUE,-77.0816972,38.7346020,47.7856,12.3721,35.4135,3.017630
1195,discontinued,gps,-77.01577000,38.97719100,TRUE,TRUE,-77.0157700,38.9771910,49.0229,14.3500,34.6728,7.576660
1196,discontinued,gps,-76.48508000,39.00874400,TRUE,TRUE,-76.4850800,39.0087440,47.1018,12.3715,34.7304,1.561510
1197,discontinued,gps,-77.09839000,38.89903800,TRUE,TRUE,-77.0983900,38.8990380,50.6239,15.8265,34.7974,7.149030
1198,resight-only,gps,-77.20487800,38.86807900,TRUE,TRUE,-77.2048780,38.8680790,48.8124,14.3009,34.5116,4.713790
1202,resight-only,gps,-76.21191043,38.96959600,TRUE,TRUE,-76.2119104,38.9695960,44.7811,9.1050,35.6761,0.493329
1206,discontinued,gps,-77.21294356,38.87745300,TRUE,TRUE,-77.2129436,38.8774530,47.5088,13.1513,34.3574,4.430070
1211,resight-only,gps,-77.10560429,38.72644300,TRUE,TRUE,-77.1056043,38.7264430,47.6535,12.8407,34.8127,2.387610
1213,discontinued,gps,-76.49434000,38.96923100,TRUE,TRUE,-76.4943400,38.9692310,47.8220,12.5445,35.2775,2.321230
1214,resight-only,gps,-76.74391435,38.93152776,TRUE,TRUE,-76.7439144,38.9315278,46.6361,11.7143,34.9218,2.706630
1215,resight-only,gps,-76.91765000,38.93006400,TRUE,TRUE,-76.9176500,38.9300640,47.2746,12.5194,34.7553,7.011190
1216,discontinued,gps,-77.34858534,38.78695500,TRUE,TRUE,-77.3485853,38.7869550,45.9528,12.0317,33.9211,1.609680
1220,discontinued,gps,-76.98644900,38.68790300,TRUE,TRUE,-76.9864490,38.6879030,46.4203,12.0126,34.4077,1.551150
1225,resight-only,gps,-77.03262000,39.06974800,TRUE,TRUE,-77.0326200,39.0697480,46.6274,12.0425,34.5848,3.479630
1230,active,gps,-77.04321000,38.91850000,TRUE,TRUE,-77.0432100,38.9185000,56.0061,21.1026,34.9035,15.284900
1231,discontinued,gps,-77.06121000,38.94187000,TRUE,TRUE,-77.0612100,38.9418700,52.0800,17.4510,34.6290,8.542940
1234,resight-only,gps,-77.15308000,38.88959200,TRUE,TRUE,-77.1530800,38.8895920,49.7980,15.0690,34.7289,5.027410
1235,active,gps,-76.73913017,38.98452709,TRUE,TRUE,-76.7391302,38.9845271,48.2528,13.8641,34.3886,2.677430
1238,active,gps,-77.29446000,38.84077000,TRUE,TRUE,-77.2944600,38.8407700,47.3906,13.0396,34.3510,3.187570
1239,discontinued,gps,-77.14394700,38.85122100,TRUE,TRUE,-77.1439470,38.8512210,49.6216,15.2719,34.3497,5.320880
1242,discontinued,gps,-76.84005900,39.19112800,TRUE,TRUE,-76.8400590,39.1911280,47.2066,12.7349,34.4717,3.158880
1243,discontinued,gps,-76.89769000,38.72139000,TRUE,TRUE,-76.8976900,38.7213900,46.5257,12.2993,34.2263,1.580780
1248,resight-only,gps,-77.09040000,39.06936600,TRUE,TRUE,-77.0904000,39.0693660,46.8407,12.3529,34.4878,3.877190
1249,resight-only,gps,-77.28131000,38.74603100,TRUE,TRUE,-77.2813100,38.7460310,46.2974,11.4688,34.8285,1.957390
1251,resight-only,gps,-77.07500000,38.98277500,TRUE,TRUE,-77.0750000,38.9827750,47.2367,12.4271,34.8096,4.959090
1253,resight-only,gps,-76.92799361,38.95956426,TRUE,TRUE,-76.9279936,38.9595643,50.7662,15.1721,35.5941,6.311860
1254,resight-only,gps,-77.07791800,38.74513000,TRUE,TRUE,-77.0779180,38.7451300,49.1378,13.8517,35.2861,4.418130
1255,discontinued,gps,-76.48842300,38.96237000,TRUE,TRUE,-76.4884230,38.9623700,47.2565,11.6288,35.6277,2.321230
1261,active,gps,-76.99983000,38.99543000,TRUE,TRUE,-76.9998300,38.9954300,51.6449,17.0528,34.5921,6.526450
